Time (s),Error (m),RMS_Err (m),v (m/s),w (rad/s)
0.0,4.052323206254307e-05,4.052323206254307e-05,0.0,0.0
0.1,0.001226297193983279,0.0008675963751388253,0.0001226297193983279,0.1605739491509474
0.1,0.0028449735945480564,0.0017887911834517135,0.00028449735945480564,0.16331513467767386
0.2,0.004893718704469929,0.0028960233274467327,0.0009787437408939857,0.3284652493996909
0.2,0.007246338592762395,0.004148667917619348,0.0014492677185524792,0.3334516232691611
0.3,0.010113149564318179,0.005602574134028174,0.0030339448692954536,0.49721062738913624
0.3,0.013332951975384517,0.007231880114579958,0.003999885592615355,0.48383772391098134
0.4,0.01701982499089552,0.009053832563218124,0.0068079299963582085,0.6427438658433523
0.4,0.020958224465098842,0.011030373446845047,0.008383289786039538,0.624698538340649
0.5,0.025442595575511467,0.01319980270689988,0.012721297787755733,0.7753533590785838
0.5,0.02993524521010627,0.015487434263709651,0.014967622605053134,0.7541951570263339
0.6,0.035209542960089546,0.017977251217993987,0.021125725776053726,0.8965791154048459
0.6,0.04023908213162161,0.02056390128179024,0.024143449278972967,0.8612021413888192
0.7,0.04628175947374512,0.023359555596065396,0.03239723163162158,0.9927186823342072
0.7,0.051591000400306376,0.026205591069265854,0.03611370028021446,0.9470001678467699
0.8,0.05837106834608146,0.029270480724194112,0.04669685467686517,1.0661270811475692
0.8,0.06344449669052726,0.03229767869050893,0.050755597352421813,1.0042551263010642
0.9,0.07116467639171038,0.03558853747694137,0.06404820875253935,1.1147014533692887
0.9,0.07627782204190062,0.03880863857368394,0.06865003983771056,1.0550864347588975
1.0,0.08477799556006463,0.04231040454905631,0.08477799556006463,1.1539341199189663
1.0,0.08896749803580509,0.045627175678769435,0.08896749803580509,1.068354444074807
1.1,0.09822608195968012,0.04925212757102565,0.10804869015564814,1.1523187891710638
1.1,0.1013153120085842,0.05259846997005738,0.11144684320944262,1.0582941430197408
1.2,0.11058895119458508,0.0562219167376448,0.13270674143350208,1.1179784634386623
1.2,0.11295579025983703,0.059538459729131805,0.13554694831180442,1.02370410131072
1.3,0.12271397201984902,0.0631480018570003,0.15952816362580372,1.066757187294291
1.3,0.13381159375676252,0.06710549081291761,0.17395507188379128,1.0368495980561119
1.4,0.133737874644007,0.07057690469567969,0.18723302450160978,0.9915161863536417
1.4,0.13230694686276123,0.07357283829952442,0.18522972560786571,0.8696732882794225
1.5,0.14209041837089897,0.07684738133053248,0.21313562755634846,0.8782272668017728
1.5,0.13858278116623168,0.07958983314805167,0.20787417174934752,0.7665278179802231
1.6,0.14820437142080814,0.08260132479733842,0.23712699427329303,0.7649467412857568
1.6,0.1593763826099072,0.08594151549051852,0.2550022121758515,0.7260414869189894
1.7,0.15189699526552386,0.08858509567398139,0.25822489195139053,0.6106083419732722
1.7,0.1400820760463164,0.09046417443998366,0.23813952927873785,0.47968011114548575
1.8,0.15105761412750549,0.09268378780453629,0.27190370542950987,0.4577529198783999
1.8,0.13878633831619477,0.09422685255762178,0.2498154089691506,0.33412871865352656
1.9,0.14968206411361804,0.09609707411138155,0.28439592181587425,0.30169392303778464
1.9,0.1605596787878907,0.09827956216803274,0.3050633896969923,0.25746881323394627
2.0,0.1469170649554608,0.099784849204776,0.2938341299109216,0.16958162244411024
2.0,0.13116709315297306,0.10066673483052348,0.2623341863059461,0.07081546695064245
2.1,0.13885917889771165,0.10174282742042998,0.2777183577954233,0.015076018747448572
2.1,0.14954667200637511,0.10310657505384001,0.29909334401275023,-0.02664843234628589
2.2,0.13329704484946003,0.10389019907366842,0.26659408969892007,-0.13950457849969733
2.2,0.11769480011932971,0.10421683574505747,0.23538960023865943,-0.21363545111412408
2.3,0.1251359826060828,0.10471604591494944,0.2502719652121656,-0.2536931267746185
2.3,0.13545096831009182,0.10546328163393963,0.27090193662018364,-0.2836880586016819
2.4,0.12179249607225844,0.10582917538720275,0.24358499214451687,-0.3228123833454768
2.4,0.10879765463940358,0.10589058842045988,0.21759530927880716,-0.35298421567092325
2.5,0.11615668038270055,0.1061056448529539,0.2323133607654011,-0.3699140415822148
2.5,0.10665315273853557,0.10611640745344732,0.21330630547707113,-0.3703148289781659
2.6,0.1142602392077662,0.10627890473219911,0.2285204784155324,-0.37594001468174265
2.6,0.105457957272685,0.10626347386159288,0.21091591454537,-0.3379196714842583
2.7,0.11291534570042094,0.10639043632028536,0.2258306914008419,-0.33623686457959917
2.7,0.1222391598425897,0.10669960884155444,0.2444783196851794,-0.3402263432865973
2.8,0.11120343677831696,0.10678170015545807,0.2224068735566339,-0.2910154629391557
2.8,0.09988180394836335,0.10666449598337047,0.1997636078967267,-0.21307203185542223
2.9,0.10638133153566873,0.10665962020664792,0.21276266307133745,-0.20610939858776867
2.9,0.11512233109487234,0.10680864220326876,0.23024466218974468,-0.20484640173621882
3.0,0.10402967303735333,0.10676291879528411,0.20805934607470666,-0.19180025914740106
3.0,0.09287010861874988,0.10654977339608372,0.18574021723749976,-0.15639998811829248
3.1,0.09889531255331732,0.10643068240160206,0.19779062510663464,-0.14992157118284843
3.1,0.09035347439409777,0.10619450110089382,0.18070694878819554,-0.13254486060138804
3.2,0.0965529611145206,0.10605059334583612,0.1931059222290412,-0.12823738700562426
3.2,0.08858432414411711,0.10580372225677853,0.17716864828823423,-0.12444696298518931
3.3,0.09454458203105574,0.10564208261086012,0.1890891640621115,-0.12122453097738473
3.3,0.08631845050011863,0.10537972203675904,0.17263690100023726,-0.10287876396129081
3.4,0.09190586056575292,0.10519408091956531,0.18381172113150585,-0.09824978826981678
3.4,0.09910832996513931,0.1051083980141039,0.19821665993027862,-0.09718154176168678
3.5,0.0893429596696676,0.10489986125728495,0.1786859193393352,-0.08600174227317159
3.5,0.07901294588752208,0.10457975647994044,0.15802589177504417,-0.07360223817610567
3.6,0.08386901054356063,0.1043202680166823,0.16773802108712127,-0.07148118996899633
3.6,0.07578277870513436,0.10398226590905779,0.15156555741026873,-0.06347754177606746
3.7,0.08063149471827048,0.10370176745750603,0.16126298943654097,-0.0632222717829043
3.7,0.07318089912070909,0.10335412460455906,0.14636179824141818,-0.05626689028630871
3.8,0.07779055030667326,0.1030589381817332,0.1555811006133465,-0.05753818378269471
3.8,0.07052595752001367,0.1027025025845666,0.14105191504002734,-0.053061156139898036
3.9,0.07488944091162643,0.10239374349997961,0.14977888182325286,-0.0557643975472949
3.9,0.06780599987086625,0.10202922098426223,0.1356119997417325,-0.05376055071534047
4.0,0.07193126935787389,0.10170798274651387,0.14386253871574778,-0.057707224926976
4.0,0.06504885439096435,0.1013362849111314,0.1300977087819287,-0.05662245831323953
4.1,0.06894536497469321,0.10100385872599146,0.13789072994938642,-0.061563375253175234
4.1,0.062298207032414586,0.1006261711004358,0.12459641406482917,-0.06292700038974341
4.2,0.06597601187664127,0.10028410937959283,0.13195202375328255,-0.06907195803674526
4.2,0.05953726734196772,0.09990139280095046,0.11907453468393545,-0.07365930584506208
4.3,0.06300643946139417,0.09955098702494085,0.12601287892278834,-0.0804887361254294
4.3,0.055616821947873665,0.09915664759977254,0.11123364389574733,-0.08492974375627393
4.4,0.060078816049732406,0.09879944162398309,0.12015763209946481,-0.09222939803712116
4.4,0.05430672456246217,0.0984113261312589,0.10861344912492434,-0.08821664127394713
4.5,0.05741587213695844,0.09805003333018328,0.11483174427391687,-0.09537321742429927
4.5,0.05171573766334041,0.09766039670893675,0.10343147532668082,-0.09963438942295633
4.6,0.054622000213940786,0.09729498477143239,0.10924400042788157,-0.10714511882016287
4.6,0.04976562909371637,0.09690797716274215,0.09953125818743273,-0.09788073283049437
4.7,0.042928772955192124,0.09649277291096765,0.08585754591038425,-0.09896866094596124
4.7,0.04659964277005509,0.09610257227330044,0.09319928554011019,-0.10684895040705397
4.8,0.05016910997792398,0.09573775255454489,0.10033821995584796,-0.11478014175424389
4.8,0.045521170736386625,0.09535506270234752,0.09104234147277325,-0.13100057722380065
4.9,0.04796695109587417,0.09499096964305857,0.09593390219174834,-0.1385993544000489
4.9,0.04303836523546594,0.09460893265253466,0.08607673047093188,-0.1403565253965926
5.0,0.04532492496437444,0.09424375376917869,0.09064984992874887,-0.14728895689236343
5.0,0.040631553915372876,0.09386315273749934,0.08126310783074575,-0.148068342232728
5.1,0.042798495195406565,0.0934979892210715,0.08559699039081313,-0.15455137986374656
5.1,0.03840359236814197,0.09311992386487988,0.07680718473628394,-0.14362614185176345
5.2,0.041271642609769746,0.09275947656364646,0.08254328521953949,-0.1504311294191638
5.2,0.037369693131017505,0.09238871427523833,0.07473938626203501,-0.14523657506967858
5.3,0.03932304916849679,0.09203117434122418,0.07864609833699358,-0.15101745069404715
5.3,0.041972917860008216,0.09168994141675804,0.08394583572001643,-0.15783912636364128
5.4,0.03706405298173182,0.09133412394342243,0.07412810596346364,-0.1560218104855331
5.4,0.032148304145389994,0.09096632659985383,0.06429660829077999,-0.16759732321015175
5.5,0.033765157046909404,0.09060911034433826,0.06753031409381881,-0.17360833390648844
5.5,0.036159120559702856,0.0902653085772599,0.07231824111940571,-0.17976109519473418
5.6,0.025423408389025248,0.08989353962400953,0.050846816778050495,-0.17819016291812428
5.6,0.026981731944686914,0.08953088368448363,0.05396346388937383,-0.18201501606528048
5.7,0.02920733326351839,0.0891793044191563,0.05841466652703678,-0.18634053288733599
5.7,0.03138041964958903,0.08883892806742377,0.06276083929917806,-0.19137050296395186
5.8,0.028412132041971724,0.08849450062626109,0.05682426408394345,-0.16725068313235558
5.8,0.02496100808287262,0.08814571959448725,0.04992201616574524,-0.16029613519149877
5.9,0.026362277750718095,0.08780497032277847,0.05272455550143619,-0.16312614623318655
5.9,0.02834491088786491,0.08747386384940446,0.05668982177572982,-0.16770947207362363
6.0,0.02529324453570414,0.08713922261586612,0.05058648907140828,-0.16168973319868174
6.0,0.027190825494151694,0.08681359507934942,0.05438165098830339,-0.16634021772457896
6.1,0.023492133520891755,0.08648322662635714,0.04698426704178351,-0.16142104663196144
6.1,0.02039072234247984,0.08615057233872997,0.04078144468495968,-0.16181246549293504
6.2,0.021629632640576157,0.08582447100397603,0.043259265281152315,-0.16489412898390252
6.2,0.02337540252213491,0.08550604879230474,0.04675080504426982,-0.16895960934694584
6.3,0.016830903052297043,0.08517926133723391,0.033661806104594086,-0.14293826711545632
6.3,0.018509106495475547,0.08485914284650903,0.037018212990951094,-0.14505475291952497
6.4,0.02015519256112335,0.0845457829751594,0.0403103851222467,-0.14847023051755615
6.4,0.01826026103760803,0.08423279309254643,0.03652052207521606,-0.13408860767986397
6.5,0.019487935407761375,0.08392560177720645,0.03897587081552275,-0.13631814919629848
6.5,0.017492113686118166,0.08361862882850284,0.03498422737223633,-0.12632247312201206
6.6,0.019021493638597564,0.0833177403731907,0.03804298727719513,-0.1308097972083725
6.6,0.017356766426665133,0.08301756816422139,0.034713532853330266,-0.11870717285678878
6.7,0.018484650086955514,0.08272263461784256,0.03696930017391103,-0.12191266477302587
6.7,0.01681224830083377,0.08242838620014427,0.03362449660166754,-0.11183396325908745
6.8,0.017894513967847376,0.0821391152517718,0.03578902793569475,-0.11582317965940014
6.8,0.016261287130603538,0.0818505799064443,0.032522574261207075,-0.10755101911247919
6.9,0.017309649597460043,0.08156679098409299,0.034619299194920086,-0.11231344533017484
6.9,0.01573208038355327,0.08128380914165882,0.03146416076710654,-0.10550832719234937
7.0,0.016749957324783887,0.08100536011553587,0.03349991464956777,-0.11097472642399575
7.0,0.01522820918281212,0.08072778309295661,0.03045641836562424,-0.1052606980891243
7.1,0.016218229533324895,0.08045454060518539,0.03243645906664979,-0.11134253051850806
7.1,0.014750864293913722,0.08018222640908321,0.029501728587827444,-0.10637763035872894
7.2,0.015715378905008376,0.07991406243142657,0.03143075781001675,-0.11297803854116073
7.2,0.01696724030458798,0.07965048430018712,0.03393448060917596,-0.12124270566845419
7.3,0.015241603025918024,0.07938726199558307,0.030483206051836048,-0.11549101400899697
7.3,0.01387680563212533,0.07912505478560324,0.02775361126425066,-0.1239023511023688
7.4,0.014847806570330984,0.07886673153213619,0.029695613140661967,-0.13243477569926798
7.4,0.013697049088363231,0.07860964163130432,0.027394098176726462,-0.1276780054251978
7.5,0.01459736880494684,0.0783562365537013,0.02919473760989368,-0.13408865261127223
7.5,0.013293630762703923,0.07810384035668294,0.026587261525407847,-0.1265543483846927
7.6,0.014171642217508265,0.07785498188648964,0.02834328443501653,-0.13307821764406452
7.6,0.012908999306583513,0.07760715423164836,0.025817998613167026,-0.1258558880346763
7.7,0.013771227426717648,0.0773627320618306,0.027542454853435296,-0.1326492482956806
7.7,0.012555408074916402,0.07711936513972054,0.025110816149832803,-0.1258318654621351
7.8,0.013403418068182602,0.07687928040810899,0.026806836136365204,-0.13289884272410107
7.8,0.014498888778189795,0.07664278642904598,0.02899777755637959,-0.14195437873207728
7.9,0.013066118238721789,0.07640693218468839,0.026132236477443577,-0.1337292710302927
7.9,0.014142404363914503,0.07617453703758324,0.028284808727829007,-0.143027064290202
8.0,0.012370133414714256,0.07594241547754417,0.024740266829428512,-0.13802892379952442
8.0,0.010876224577512514,0.07571105448759068,0.021752449155025028,-0.13371898845835978
8.1,0.011644766838637476,0.07548256146518735,0.023289533677274953,-0.1412671527778319
8.1,0.01268786823417209,0.07525722555964065,0.02537573646834418,-0.15061941547714827
8.2,0.011472348997547607,0.07503278001605838,0.022944697995095215,-0.1453281293378505
8.2,0.010336198166417213,0.07480939017426128,0.020672396332834426,-0.13811125736639834
8.3,0.01112174660067277,0.07458871546720253,0.02224349320134554,-0.14685339219768156
8.3,0.012137732639319311,0.07437099184234149,0.024275465278638622,-0.1565228048584837
8.4,0.011032346068847473,0.07415420435979121,0.022064692137694946,-0.16426050413302265
8.4,0.012037065981927829,0.07394028547914822,0.024074131963855657,-0.17314400145747405
8.5,0.010735052511621017,0.0737270907341687,0.021470105023242033,-0.17029421226661853
8.5,0.009564291405477817,0.07351483679074415,0.019128582810955634,-0.16102126597186775
8.6,0.010314461638112508,0.07330503838176343,0.020628923276225015,-0.1671907962135789
8.6,0.009556678062338942,0.07309647826320914,0.019113356124677884,-0.15993818306271454
8.7,0.010348081923770056,0.07289034990703579,0.02069616384754011,-0.16579489377076045
8.7,0.00960907534403007,0.07268542299896243,0.01921815068806014,-0.1529489937139375
8.8,0.010392813596739084,0.07248286968345691,0.02078562719347817,-0.15902924118894068
8.8,0.009638433319583913,0.07228145652148354,0.019276866639167826,-0.14711207318310304
8.9,0.0104135795463795,0.07208235879508379,0.020827159092759,-0.15384625896465987
8.9,0.01137680328574984,0.07188575898225623,0.02275360657149968,-0.1636070973318517
9.0,0.010412920907062383,0.07168999963497417,0.020825841814124765,-0.1520738053492517
9.0,0.00937754423973741,0.0714950845165521,0.01875508847947482,-0.14407235654377495
9.1,0.010103225455053242,0.07130233193171295,0.020206450910106484,-0.15178822774128292
9.1,0.00936138808930658,0.07111061719575074,0.01872277617861316,-0.1587550308921979
9.2,0.008437832720033341,0.0709198466230885,0.016875665440066683,-0.14794265471407544
9.2,0.009194306175155315,0.07073114188377662,0.01838861235031063,-0.15488004986753753
9.3,0.010134485784185614,0.07054466204309114,0.02026897156837123,-0.16474689915250337
9.3,0.009230705811256484,0.07035902519312562,0.01846141162251297,-0.15333723663534476
9.4,0.010164936173315858,0.07017556667043506,0.020329872346631715,-0.16364819085437066
9.4,0.01109612646348832,0.06999432454829163,0.02219225292697664,-0.1746371701650096
9.5,0.008261863152741692,0.06981245900035109,0.016523726305483384,-0.14668998799843355
9.5,0.00896636173575068,0.06963248653805233,0.01793272347150136,-0.15497769565284802
9.6,0.009889771780926992,0.06945458255396106,0.019779543561853984,-0.16594025816350289
9.6,0.009133423024366656,0.06927753430884252,0.018266846048733312,-0.1567163333792797
9.7,0.009872821590855192,0.06910238881951648,0.019745643181710383,-0.16614930698060965
9.7,0.009152508843490408,0.06892809169009641,0.018305017686980816,-0.15806874536960622
9.8,0.009884061909321422,0.06875565469759126,0.019768123818642843,-0.16784072271756184
9.8,0.0091516224317689,0.06858402540618275,0.0183032448635378,-0.16096508926133718
9.9,0.009878571754418272,0.06841421631238714,0.019757143508836544,-0.17112539445745878
9.9,0.010786099360730146,0.06824638811580494,0.02157219872146029,-0.1838199264946524
10.0,0.009864867792938143,0.06807913205587801,0.019729735585876287,-0.17381575941956146
10.0,0.010768744204235637,0.06791381757530714,0.021537488408471275,-0.1867906578964774
10.1,0.009598712976109857,0.06774887180525954,0.019197425952219713,-0.17921015539460305
10.1,0.008564311497548873,0.06758446978419903,0.017128622995097747,-0.17326149612254388
10.2,0.009248861128319153,0.06742172783187646,0.018497722256638306,-0.18378132480622428
10.2,0.008841480426486175,0.06725991833936135,0.01768296085297235,-0.19208011450060278
10.3,0.009567607565408226,0.06709977881089833,0.019135215130816452,-0.20191219797332177
10.3,0.008885766242157192,0.06694035495081598,0.017771532484314383,-0.18949145956540653
10.4,0.009604117014303002,0.06678256700128452,0.019208234028606004,-0.1987081388866011
10.4,0.008905321848672213,0.066625456212903,0.017810643697344426,-0.18594264276575612
10.5,0.009620866842929732,0.06646995049445803,0.019241733685859463,-0.19528710910598457
10.5,0.008901307673552098,0.0663150830352744,0.017802615347104197,-0.18173337401291634
10.6,0.009614915651133794,0.06616179021897814,0.01922983130226759,-0.19129850686836597
10.6,0.010505180737446078,0.06601022276918958,0.021010361474892155,-0.20414671391900294
10.7,0.009620960850227159,0.06585909656674445,0.019241921700454318,-0.19005798974272856
10.7,0.01051026658226948,0.06570966706089056,0.02102053316453896,-0.20309165678059538
10.8,0.009382556321501536,0.06556049322009222,0.01876511264300307,-0.19080959882855172
10.8,0.010271378638316547,0.06541297408661088,0.020542757276633093,-0.20382292208602082
10.9,0.009062630479827442,0.06526565821764187,0.018125260959654884,-0.19024666214005884
10.9,0.00995138280974506,0.06511995145955325,0.01990276561949012,-0.20318924852821452
11.0,0.008935291351773773,0.06497457574572928,0.017870582703547546,-0.19623368732625873
11.0,0.008027799579489053,0.06482965685312433,0.016055599158978105,-0.20287982766755946
11.1,0.00871890732692204,0.06468612622061513,0.01743781465384408,-0.2143028141007529
11.1,0.009608678005663663,0.06454413445155298,0.019217356011327326,-0.22670673682419984
11.2,0.008919131750014802,0.06440265879637612,0.017838263500029605,-0.22317425803478239
11.2,0.008135230055118042,0.06426167107200777,0.016270460110236085,-0.2269839842176334
11.3,0.008835593567339955,0.06412203522554226,0.01767118713467991,-0.23728098471257877
11.3,0.00972785812149971,0.06398389912953756,0.01945571624299942,-0.24904954705876303
11.4,0.00895586039471979,0.06384618438468903,0.01791172078943958,-0.24379192700341623
11.4,0.0081554339262301,0.06370890919896775,0.0163108678524602,-0.24465792331049208
11.5,0.008857295440546838,0.06357294345783235,0.017714590881093676,-0.2530530615082103
11.5,0.008244381588229365,0.06343750962734167,0.01648876317645873,-0.24678669326692343
11.6,0.008979814777248608,0.06330338857154687,0.017959629554497217,-0.25384522602685816
11.6,0.009878796641514111,0.06317071358236202,0.019757593283028223,-0.26371658146383725
11.7,0.009140538509454253,0.06303842096458974,0.018281077018908506,-0.2530841382557866
11.7,0.008322111164698024,0.0629064961864831,0.01664422232939605,-0.2495176901610917
11.8,0.009029120852726105,0.06277582970654579,0.01805824170545221,-0.2556639855457463
11.8,0.009934434456110296,0.06264657495122933,0.019868868912220592,-0.2642858472109808
11.9,0.009136326932695718,0.06251763103113224,0.018272653865391435,-0.25179234469546546
11.9,0.008313956688796068,0.06238902177309478,0.016627913377592136,-0.24696117810087637
12.0,0.009027211411153742,0.062261635779351336,0.018054422822307483,-0.2519020766926312
12.0,0.00839952502295305,0.062134683774903735,0.0167990500459061,-0.24162750254138365
12.1,0.009149239665682698,0.06200896263491204,0.018298479331365396,-0.24584070379510853
12.1,0.008396389950922864,0.061883584770122374,0.016792779901845727,-0.23369773252557652
12.2,0.009316263100675544,0.06175952379965858,0.01863252620135109,-0.23965820617735906
12.2,0.010238367881127072,0.061636825941906476,0.020476735762254145,-0.24722332573832045
12.3,0.009489870507476902,0.06151439596627395,0.018979741014953803,-0.23399600044351287
12.3,0.008432645271003186,0.061392091356431866,0.016865290542006372,-0.2270684298303235
12.4,0.00936261314874808,0.06127107643170445,0.01872522629749616,-0.2326348369616068
12.4,0.010295155061194756,0.06115139887074787,0.020590310122389512,-0.23982422000245052
12.5,0.00947302176119039,0.061031914291451314,0.01894604352238078,-0.22614340462798305
12.5,0.010411235884042318,0.06091376028976569,0.020822471768084636,-0.23349029667001142
12.6,0.009513615969615936,0.06079573343038272,0.01902723193923187,-0.21983837068706436
12.6,0.00859231968441038,0.06067786943136957,0.01718463936882076,-0.21612086886917992
12.7,0.00933207644234115,0.06056113780959954,0.0186641528846823,-0.22134045223980758
12.7,0.01028260741225473,0.06044570374666983,0.02056521482450946,-0.22887237368707597
12.8,0.009466269554930825,0.060330431308673334,0.01893253910986165,-0.21781228698134036
12.8,0.008629543254645862,0.060215348630265814,0.017259086509291723,-0.21426266436603525
12.9,0.009385141111579414,0.06010137917823328,0.018770282223158827,-0.2187938066761259
12.9,0.008749102106882227,0.05998770458967996,0.017498204213764454,-0.209825922532621
13.0,0.009544643787977865,0.05987515852001387,0.01908928757595573,-0.21384066986748052
13.0,0.008949926456602628,0.05976291278127654,0.017899852913205255,-0.20521728048522814
13.1,0.009750517872686262,0.059651794052016226,0.019501035745372524,-0.20925053328279586
13.1,0.009128325720993511,0.05954094026022965,0.018256651441987022,-0.20135162114730054
13.2,0.00993255410259004,0.059431210355200464,0.01986510820518008,-0.20547771056942044
13.2,0.009285549837506646,0.05932171244003372,0.018571099675013292,-0.19794394680726812
13.3,0.010094050430417207,0.05921333499797355,0.020188100860834415,-0.2021579468276703
13.3,0.011231375887055698,0.05910634131601079,0.022462751774111396,-0.2101269571445964
13.4,0.010526327686300328,0.05899946914888149,0.021052655372600655,-0.20110647714815466
13.4,0.009762017505424743,0.05889271038213793,0.019524035010849487,-0.1956102187759129
13.5,0.010691622564547825,0.058787149648307974,0.02138324512909565,-0.20128877229000774
13.5,0.010052399343157634,0.05868176326000367,0.02010479868631527,-0.19477938770367476
13.6,0.01102279748322988,0.05857760604705563,0.02204559496645976,-0.20036022405272536
13.6,0.010196659174851293,0.05847347931687167,0.020393318349702587,-0.19334336921068473
13.7,0.011373431924540506,0.05837072245780936,0.022746863849081013,-0.2003607602531008
13.7,0.010526016099723345,0.05826795460605029,0.02105203219944669,-0.19303090705518622
13.8,0.011714776542909928,0.05816657529264717,0.023429553085819857,-0.20006907772354288
13.8,0.011180259567372813,0.0580653724405869,0.022360519134745627,-0.1950312738118521
13.9,0.012323098784511724,0.05796555631324171,0.024646197569023448,-0.20175170322570124
13.9,0.011696817324681206,0.05786581949404415,0.02339363464936241,-0.19725732156104203
14.0,0.012842751910306753,0.0577674939987804,0.025685503820613506,-0.2039927568631782
14.0,0.012135452731242,0.05766915736440148,0.024270905462484,-0.19920085931829257
14.1,0.013287376702734603,0.05757225386953685,0.026574753405469206,-0.20585086521128426
14.1,0.012515819805917849,0.05747526156880133,0.025031639611835698,-0.20092961738791004
14.2,0.014074680816333214,0.05738006191699505,0.028149361632666427,-0.2099281389881681
14.2,0.013166486269796275,0.05728461610181089,0.02633297253959255,-0.20370590826137203
14.3,0.014496884396800736,0.057190805156360915,0.028993768793601472,-0.2109206563953453
14.3,0.013742163722426573,0.05709684512820569,0.027484327444853147,-0.20629599776125984
14.4,0.015081347824814925,0.05700455993346115,0.03016269564962985,-0.21323827695524222
14.4,0.013971267556845678,0.05691178489256136,0.027942535113691356,-0.20661847393805155
14.5,0.015595241656696717,0.056820956721704736,0.031190483313393434,-0.21462954300998438
14.5,0.017394660192818004,0.0567324067770478,0.03478932038563601,-0.22466791202019265
14.6,0.01642843738718582,0.05664333840342094,0.03285687477437164,-0.21631444888671492
14.6,0.015272404125036923,0.056553633358417364,0.030544808250073847,-0.22056624604818242
14.7,0.017113626386753275,0.05646619348294599,0.03422725277350655,-0.22891108687634742
14.7,0.018968598988448545,0.05638122429527047,0.03793719797689709,-0.2383784411953549
14.8,0.0175560632862573,0.056295154218846614,0.0351121265725146,-0.22675010988194422
14.8,0.016439182547640083,0.05620839608388368,0.032878365095280165,-0.22023376333921185
14.9,0.01813577529599379,0.056123841136044,0.03627155059198758,-0.22646718148793804
14.9,0.017472705942818422,0.05603902091070227,0.034945411885636844,-0.2206803036353201
15.0,0.01935283449528774,0.05595670110979887,0.03870566899057548,-0.2253885670639762
15.0,0.01926378056312848,0.05587470597093869,0.03852756112625696,-0.2277222584660069
15.1,0.02124143927437113,0.05579551157241313,0.04248287854874226,-0.2330296154230166
15.1,0.023587999213305486,0.05571984393356894,0.04717599842661097,-0.2414710763615357
15.2,0.022170571828902034,0.0556426550832688,0.04434114365780407,-0.22940553047252765
15.2,0.020591737314023636,0.05556387431519937,0.04118347462804727,-0.22751075139453192
15.3,0.019245437445727227,0.055483918243037916,0.03849087489145445,-0.21536261481318592
15.3,0.02153764674651101,0.055407116759957,0.04307529349302202,-0.2151603763321132
15.4,0.024183902910528948,0.05533425812258866,0.048367805821057895,-0.22081199406928448
15.4,0.02373778661199066,0.05526114994119077,0.04747557322398132,-0.20341452616506905
15.5,0.026226541308677038,0.05519205154178573,0.052453082617354076,-0.20733508865166372
15.5,0.025759046751671174,0.055122602901291985,0.05151809350334235,-0.1887854471694026
15.6,0.028232649271712172,0.055057400190959956,0.056465298543424344,-0.19395242102302868
15.6,0.02714006701323229,0.05499078010909639,0.05428013402646458,-0.18302396248343603
15.7,0.029916121343970425,0.05492909616358696,0.05983224268794085,-0.18885407329976162
15.7,0.028810178287301088,0.05486585622419441,0.057620356574602176,-0.17960097222778848
15.8,0.03156547618847029,0.05480774700794339,0.06313095237694058,-0.18578201759413582
15.8,0.02994166099341077,0.054747065916870404,0.05988332198682154,-0.1899383471865972
15.9,0.03291600564804714,0.054692074904211685,0.06583201129609428,-0.1975762595961248
15.9,0.03650252691905291,0.05464451567274552,0.07300505383810582,-0.20723138268379082
16.0,0.03418759933010831,0.054592529212158035,0.06837519866021662,-0.2012176434527646
16.0,0.032387265117904046,0.054537394458904195,0.06477453023580809,-0.194746844848251
16.1,0.03580145026119638,0.05448918171254621,0.07160290052239277,-0.20078717156213322
16.1,0.03391430397498808,0.054437484167590845,0.06782860794997617,-0.1965996334484299
16.2,0.03727380192859213,0.05439284271625343,0.07454760385718426,-0.20248206766511934
16.2,0.03556304197619535,0.05434491225811577,0.0711260839523907,-0.2076514480394132
16.3,0.03920763081699627,0.054304930970268936,0.07841526163399254,-0.2133874265541813
16.3,0.03734050663372483,0.054261137625894344,0.07468101326744966,-0.20588369563799347
16.4,0.041045591072017544,0.054225741344988074,0.08209118214403509,-0.21039974580116083
16.4,0.039830255463057004,0.05418778071015161,0.07966051092611401,-0.19117972378223147
16.5,0.043901429868505426,0.05415956114147864,0.08780285973701085,-0.19591113172206653
16.5,0.041084881693109726,0.054124817375301754,0.08216976338621945,-0.18808779768075556
16.6,0.0459357998291011,0.054102012801678534,0.0918715996582022,-0.19413512920930076
16.6,0.05108354082176128,0.054093200467357105,0.10216708164352256,-0.2015543776925146
16.7,0.04838269675454399,0.054077003189458475,0.09676539350908799,-0.1979066246587871
16.7,0.045251193911356354,0.05405280199153543,0.09050238782271271,-0.18771408026099512
16.8,0.04954578226086155,0.05403994594473298,0.0990915645217231,-0.19166350475387173
16.8,0.046859137512227075,0.05402004994737622,0.09371827502445415,-0.18322183909218515
16.9,0.05164168332812498,0.05401316782296326,0.10328336665624996,-0.18662969666924378
16.9,0.04970053574646365,0.05400095268659466,0.0994010714929273,-0.1625241307452614
17.0,0.05462298052290177,0.054002792685697104,0.10924596104580354,-0.16679230080263996
17.0,0.051984182220136795,0.053996983332475,0.10396836444027359,-0.14600766598851986
17.1,0.05718144257688658,0.05400656833148855,0.11436288515377316,-0.14907325505873262
17.1,0.06343373373154834,0.054036443301983955,0.12686746746309668,-0.15572378149713906
17.2,0.06058581626918056,0.05405663218874988,0.12117163253836112,-0.14564517280838785
17.2,0.06696111524212846,0.05409848489156932,0.13392223048425692,-0.1525215760073726
17.3,0.06070032781141292,0.0541187258069206,0.12140065562282584,-0.14711978195674513
17.3,0.05590046759038296,0.05412394478229668,0.11180093518076592,-0.13618843547658877
17.4,0.0627459434819968,0.054150687443393256,0.1254918869639936,-0.14192819537592039
17.4,0.05837515987723535,0.05416326264484514,0.1167503197544707,-0.12077855325428999
17.5,0.0642487277099744,0.05419475191010084,0.1284974554199488,-0.1230908046594974
17.5,0.059780037407599844,0.054211481789212854,0.11956007481519969,-0.1029353760324121
17.6,0.06687563110725758,0.05425164691722844,0.13375126221451517,-0.10874518962419066
17.6,0.07433092292313385,0.05431901325938711,0.1486618458462677,-0.11532757504663008
17.7,0.07028888331198929,0.05437073285386221,0.14057776662397858,-0.09838947621441216
17.7,0.06550741114434723,0.05440530561720997,0.13101482228869446,-0.08093188978513634
17.8,0.07178986917617237,0.054461911220485625,0.14357973835234475,-0.08589904187120623
17.8,0.06627713693504203,0.054498584730907115,0.13255427387008406,-0.07195171750455764
17.9,0.07404467077309901,0.05456293561630586,0.14808934154619802,-0.07909069616521203
17.9,0.08187098080608615,0.05465795512842988,0.1637419616121723,-0.08635104511059821
18.0,0.06283234337005253,0.05468235426559961,0.12566468674010506,-0.0525934760227571
18.0,0.06945593948799345,0.05472878685719178,0.1389118789759869,-0.05973355352915788
18.1,0.07777695412600834,0.05480580822280214,0.15555390825201668,-0.06769781795091245
18.1,0.08615654331039467,0.05491676357613397,0.17231308662078934,-0.07557399039176249
18.2,0.08072716037749071,0.0550042645447436,0.16145432075498142,-0.06480196697540141
18.2,0.08922016718893193,0.05512702634363664,0.17844033437786386,-0.07330188296424378
18.3,0.08253533297733229,0.055220449368456506,0.16507066595466457,-0.036264065883975245
18.3,0.09113632986665893,0.05534998649997316,0.18227265973331785,-0.04534388306045711
18.4,0.08213197915650841,0.055440297182899716,0.16426395831301682,-0.035315198337808384
18.4,0.074877167574318,0.05550217069560404,0.149754335148636,-0.025419243386717305
18.5,0.08191403956324672,0.0555904685379027,0.16382807912649344,-0.03144969452109403
18.5,0.0779524507176192,0.055662819514540815,0.1559049014352384,-0.01463083935578946
18.6,0.08564949767369129,0.055765047927248894,0.17129899534738258,-0.023008685897948356
18.6,0.09488528892434858,0.05590653609427147,0.18977057784869716,-0.03413181803669163
18.7,0.0888593034537111,0.05602049582021759,0.1777186069074222,-0.04297687711690502
18.7,0.08169126269898747,0.05610457256298083,0.16338252539797493,-0.05508945529506004
18.8,0.08916594046122514,0.05621829398071475,0.17833188092245028,-0.06593832054017978
18.8,0.08367348042176541,0.05630882929415393,0.16734696084353082,-0.06965366477776525
18.9,0.09149470064388007,0.05643086431135366,0.18298940128776015,-0.07879202596961198
18.9,0.08599278214160526,0.056529208914253656,0.17198556428321052,-0.08071149051626558
19.0,0.09385016137732266,0.05665969179670727,0.18770032275464532,-0.08834633263724645
19.0,0.1034150302746052,0.056832777796006,0.2068300605492104,-0.09632410121146462
19.1,0.09589396882983184,0.056970006301052284,0.19178793765966368,-0.09320307589923037
19.1,0.08823486416668395,0.05707394245021338,0.1764697283333679,-0.0941811746016834
19.2,0.09596551672369148,0.057209568822580444,0.19193103344738296,-0.10008098282662425
19.2,0.08957897042340653,0.057317329073145136,0.17915794084681305,-0.09444870152304197
19.3,0.0975291988992868,0.05745787567802321,0.1950583977985736,-0.09960893813701288
19.3,0.09163969577511644,0.05757235914745984,0.18327939155023287,-0.09713242792920448
19.4,0.08401750869942631,0.057656109508492454,0.16803501739885263,-0.08639233922182532
19.4,0.09196745828682659,0.05777044536829689,0.18393491657365318,-0.08838335579475752
19.5,0.1017675737336057,0.057926007496425326,0.2035351474672114,-0.0931546280018438
19.5,0.11158418880632613,0.058126455002819696,0.22316837761265226,-0.09804642040320388
19.6,0.1030412067217326,0.05828508481408707,0.2060824134434652,-0.09385057672371477
19.6,0.09361453536109844,0.05840210959125718,0.18722907072219688,-0.08229191018049731
19.7,0.10124030171252081,0.058550523016767005,0.20248060342504162,-0.08481057678018833
19.7,0.09387880896004992,0.05866682901449508,0.18775761792009985,-0.07694948378976663
19.8,0.10187697745741235,0.058815940107510394,0.2037539549148247,-0.0803378325493238
19.8,0.0948670069013226,0.05893445990548843,0.1897340138026452,-0.07945085122636097
19.9,0.08582006503316693,0.059017361758804295,0.17164013006633386,-0.07076451816019991
19.9,0.09380940294414036,0.05913015467768612,0.18761880588828073,-0.07257858125828442
20.0,0.10369564898611046,0.05928335536449666,0.20739129797222092,-0.07597395473691602
20.0,0.09666668830780316,0.05940584742324618,0.19333337661560632,-0.06902974566338882
20.1,0.1046720970718989,0.059561147680703315,0.2093441941437978,-0.07132090534857904
20.1,0.09739618991085239,0.05968472178058174,0.19479237982170478,-0.06265302565586861
20.2,0.1053362187101195,0.05984073173694383,0.210672437420239,-0.06543227057941281
20.2,0.11519560738484479,0.06004029409509167,0.23039121476968957,-0.06931385685693892
20.3,0.10586526209091521,0.06019603452200357,0.21173052418183042,-0.07743735622051706
20.3,0.11570104067861321,0.060394955919619804,0.23140208135722642,-0.08151647379173045
20.4,0.10332508814076118,0.060537405568224914,0.20665017628152235,-0.08613991707730739
20.4,0.11313019121223737,0.06072157085049967,0.22626038242447474,-0.0900202039096687
20.5,0.09980202180056497,0.06084743200937081,0.19960404360112993,-0.0924752977122858
20.5,0.08971628591484576,0.06093427324620423,0.17943257182969152,-0.10009589598055002
20.6,0.09720290199603586,0.061048395349373355,0.19440580399207172,-0.10520954327248666
20.6,0.10692487287796959,0.06120102305776839,0.21384974575593918,-0.10837538609403397
20.7,0.09815859528755654,0.06131713607525143,0.19631719057511307,-0.11739070519600858
20.7,0.10782806985538376,0.061471522248016684,0.21565613971076752,-0.12020249442772646
20.8,0.09736486802738048,0.06158289358102403,0.19472973605476096,-0.13165446123835456
20.8,0.08793410377391479,0.06165955815870417,0.17586820754782959,-0.14519787727309974
20.9,0.09751173630985278,0.06177016557694162,0.19502347261970557,-0.14577613377501564
20.9,0.10705494224119465,0.061917684659134664,0.2141098844823893,-0.1472856907474922
21.0,0.0985079342012577,0.062030443299991016,0.1970158684025154,-0.16553150651094065
21.0,0.1079773770722203,0.062179821028810305,0.2159547541444406,-0.16639456007418918
21.1,0.09534605308112906,0.06227929486588906,0.19069210616225812,-0.17953312091898768
21.1,0.08536113151562924,0.062343940063332035,0.17072226303125848,-0.17664650373760127
21.2,0.09255051566739814,0.06243237815109014,0.18510103133479627,-0.173246217299579
21.2,0.085880840172557,0.06249787760250364,0.171761680345114,-0.157245068286187
21.3,0.09343019941606164,0.06258839198706656,0.18686039883212327,-0.1522142706274756
21.3,0.08721211652709665,0.06265736451384517,0.1744242330541933,-0.13569129419915482
21.4,0.09463931000466033,0.06275108916613803,0.18927862000932066,-0.13125263051109215
21.4,0.08804570959159369,0.06282189463170393,0.17609141918318738,-0.11716024153952254
21.5,0.09525759956929376,0.06291672811964293,0.19051519913858753,-0.11374213320113746
21.5,0.08830153933874534,0.06298746741400818,0.17660307867749067,-0.0950502483064819
21.6,0.09529788497426794,0.06308137307905873,0.1905957699485359,-0.09177589564046618
21.6,0.10395141196335368,0.06320621435832746,0.20790282392670736,-0.09193593973291625
21.7,0.094853742007006,0.06329732502816392,0.189707484014012,-0.07394910710871927
21.7,0.08547462985850114,0.06335721027347749,0.17094925971700228,-0.05936522250797194
21.8,0.09172790830045917,0.06343679961684236,0.18345581660091834,-0.05826107377601074
21.8,0.0840944048215696,0.06349174397789319,0.1681888096431392,-0.049633756626293435
21.9,0.0905068679611466,0.06356650010808228,0.1810137359222932,-0.05126948486695061
21.9,0.08360334692845679,0.06361931361706286,0.16720669385691359,-0.044754809206262625
22.0,0.08979318014840917,0.06369099598813695,0.17958636029681835,-0.04767455272878718
22.0,0.09754504564991784,0.06378809062058191,0.19509009129983568,-0.05160908430242794
22.1,0.08844252584299914,0.06385461468796312,0.17688505168599827,-0.05344389268542704
22.1,0.07735970887764623,0.06388831514328894,0.15471941775529247,-0.061629517582398874
22.2,0.0847444421828705,0.0639429321885426,0.169488884365741,-0.06664431107942104
22.2,0.07781753550236649,0.06397748439900867,0.15563507100473298,-0.06883726142983604
22.3,0.08343103126924992,0.06402771390458531,0.16686206253849983,-0.07470644484272326
22.3,0.07707821003517483,0.06405987698884462,0.15415642007034966,-0.07605048940023362
22.4,0.08240505402212522,0.06410667235530182,0.16481010804425045,-0.08109262966954311
22.4,0.07526375057357614,0.06413367772081768,0.15052750114715227,-0.07824680525421178
22.5,0.08034364922198914,0.06417423940511534,0.16068729844397828,-0.08335774272409369
22.5,0.07323755281655553,0.06419575091784896,0.14647510563311106,-0.08022651188580521
22.6,0.07809456981861831,0.06422982022595755,0.15618913963723663,-0.08564806192596897
22.6,0.07136973965963525,0.06424645551879604,0.1427394793192705,-0.09417227115771132
22.7,0.07600836310193995,0.06427472806902366,0.1520167262038799,-0.10036310540934501
22.7,0.06908565922072475,0.06428569631788834,0.1381713184414495,-0.10303148995424816
22.8,0.07350337603949642,0.06430735609794963,0.14700675207899283,-0.10912899012783961
22.8,0.06689917939079214,0.0643131415123351,0.13379835878158428,-0.13023764355875111
22.9,0.07110733963913528,0.06432875768630807,0.14221467927827056,-0.13612522453510967
22.9,0.0644734528089398,0.06432907327998817,0.1289469056178796,-0.13638798893675497
23.0,0.06847299917064413,0.06433837129675724,0.13694599834128826,-0.1414215632896083
23.0,0.06205798958782113,0.06433351217775192,0.12411597917564227,-0.13887117318795728
23.1,0.06585821698449858,0.06433685142564688,0.13171643396899715,-0.14356331841130765
23.1,0.05959347214102303,0.06432698345262312,0.11918694428204606,-0.14151506742799502
23.2,0.05182034099219522,0.06430264511293571,0.10364068198439044,-0.1523294556701769
23.2,0.056548395167362785,0.0642869728636923,0.11309679033472557,-0.1561633588109086
23.3,0.061159176963751075,0.06428042380359368,0.12231835392750215,-0.16076537599999452
23.3,0.06565450960642022,0.06428339755135043,0.13130901921284044,-0.1659401169495094
23.4,0.05969597852003644,0.06427394443244185,0.11939195704007288,-0.18273435969526752
23.4,0.05317176947340426,0.06425231323635267,0.10634353894680852,-0.1837737469261922
23.5,0.05602472768492978,0.06423592644573144,0.11204945536985957,-0.18603158302014933
23.5,0.05034087832160066,0.0642096106300493,0.10068175664320132,-0.1709834299629387
23.6,0.053231977417185494,0.0641883375414537,0.10646395483437099,-0.1713427060545685
23.6,0.04839873073474955,0.06415905480657108,0.0967974614694991,-0.15981584981628846
23.7,0.0511447292352932,0.06413437836924489,0.1022894584705864,-0.16141235389979203
23.7,0.04642668011588015,0.0641022374241627,0.0928533602317603,-0.1438202923736609
23.8,0.04908159709539717,0.06407437254806285,0.09816319419079433,-0.14719102207227253
23.8,0.04358506433984903,0.06403827572244268,0.08717012867969806,-0.14084808845504448
23.9,0.04696229209264193,0.06400730734642868,0.09392458418528386,-0.1440216767798872
23.9,0.04167591457649816,0.06396880763984472,0.08335182915299633,-0.1361239741582556
24.0,0.044880801086383086,0.06393496510728941,0.08976160217276617,-0.13961238760083505
24.0,0.04045056931261489,0.06389509552929264,0.08090113862522978,-0.12492018420456197
24.1,0.04266009289032267,0.06385834976699972,0.08532018578064535,-0.12685012379305616
24.1,0.03831202570519076,0.063816024223989,0.07662405141038152,-0.11417437645182948
24.2,0.04039285430983712,0.0637764985025963,0.08078570861967424,-0.11687462327036144
24.2,0.04320877856684089,0.06374091907817137,0.08641755713368178,-0.12200166490933226
24.3,0.0384992785575005,0.0636992516549464,0.076998557115001,-0.10847665420472641
24.3,0.03332940312522221,0.06365173877581953,0.06665880625044442,-0.10656938171745889
24.4,0.035076625215849457,0.06360631064986486,0.07015325043169891,-0.11189895741877298
24.4,0.03762306336204135,0.06356401406151425,0.0752461267240827,-0.11808522021111423
24.5,0.03314826411943538,0.06351677468454871,0.06629652823887076,-0.11795910238723065
24.5,0.035572870581297066,0.06347236606439519,0.07114574116259413,-0.12458016125547508
24.6,0.031425221425177126,0.06342365457526171,0.06285044285035425,-0.16201338788261466
24.6,0.027823424725683353,0.06337168830443046,0.055646849451366706,-0.1716220430653388
24.7,0.029371104534799564,0.063321304959377,0.05874220906959913,-0.17577084066578808
24.7,0.03157666010426926,0.0632732312967444,0.06315332020853852,-0.18047165954465694
24.8,0.028555011641067458,0.06322241810730052,0.057110023282134915,-0.1836452987561432
24.8,0.030661898700309036,0.06317375564744493,0.06132379740061807,-0.18762982299504083
24.9,0.027056837287900332,0.06312194170948969,0.054113674575800665,-0.1788605034444908
24.9,0.023775312307793027,0.06306764299712335,0.047550624615586054,-0.17652725399555755
25.0,0.025134720290248356,0.0630145701116362,0.05026944058049671,-0.17896577548840753
25.0,0.02274704693165439,0.06295985241889722,0.04549409386330878,-0.16341811691759348
25.1,0.020041281326371663,0.0629034722513142,0.04008256265274333,-0.15630751426409173
25.1,0.021436872959235832,0.0628481815493268,0.042873745918471665,-0.15767175709217485
25.2,0.02324886896645379,0.06279434109242699,0.04649773793290758,-0.1609574946326977
25.2,0.025024324409760133,0.06274202044678513,0.050048648819520265,-0.16517792230418893
25.3,0.022443642241839614,0.06268793227536605,0.04488728448367923,-0.15716120594236305
25.3,0.024150174326662856,0.06263526299655302,0.04830034865332571,-0.16156849336206625
25.4,0.021480430955800926,0.06258084106316998,0.04296086191160185,-0.18303925784285502
25.4,0.018767102610736133,0.0625248702042026,0.037534205221472265,-0.18698077584352335
25.5,0.019897581415304774,0.06246975496141236,0.03979516283060955,-0.18942797778006915
25.5,0.017890366908113145,0.06241361796537895,0.03578073381622629,-0.182423044955637
25.6,0.019070899623016054,0.062358333346965646,0.03814179924603211,-0.18310758070773803
25.6,0.020598744092491298,0.06230416364137944,0.041197488184982596,-0.18607887884261576
25.7,0.018502372144967603,0.06224887691066577,0.03700474428993521,-0.17422285496659207
25.7,0.016393437086825124,0.0621926071929803,0.03278687417365025,-0.16301963856233567
25.8,0.017434377661313064,0.06213705403930225,0.03486875532262613,-0.1644238205429307
25.8,0.018863062923324098,0.06208247420926949,0.037726125846648195,-0.1677704944571072
25.9,0.016802614227992244,0.062026913779271615,0.03360522845598449,-0.1584528335347963
25.9,0.014874262514647225,0.06197056832618025,0.02974852502929445,-0.15587570629041547
26.0,0.0158610259461042,0.06191485960751755,0.0317220518922084,-0.15789473441048552
26.0,0.014408135757881116,0.06185863258058891,0.028816271515762232,-0.15081081625256765
26.1,0.015434895280053028,0.06180304502290683,0.030869790560106056,-0.1528150625280813
26.1,0.014135643826007285,0.061747025438429234,0.02827128765201457,-0.1468617221894566
26.2,0.015134885815085196,0.06169162148311285,0.030269771630170392,-0.1494086344291392
26.2,0.013854943558746264,0.06163580573378907,0.02770988711749253,-0.14440852464123566
26.3,0.014825467155691078,0.06158058157734324,0.029650934311382156,-0.1475144532755448
26.3,0.013562873971918386,0.06152496498837877,0.02712574794383677,-0.14336278174851946
26.4,0.014507368678050834,0.06146991746570072,0.029014737356101668,-0.1469997037409865
26.4,0.013266493450184885,0.06141449859852441,0.02653298690036977,-0.14358347209148634
26.5,0.014187549021382792,0.06135962786944131,0.028375098042765584,-0.14769738900541982
26.5,0.012971767456052854,0.06130440780178269,0.025943534912105708,-0.1448917681327702
26.6,0.013871697152105872,0.06124971650754192,0.027743394304211744,-0.14941652614923928
26.6,0.012683046505381355,0.06119469796570857,0.02536609301076271,-0.1470529985369229
26.7,0.013563875102689265,0.06114019031038822,0.02712775020537853,-0.15193343297423834
26.7,0.01215006598121833,0.061085281848742554,0.02430013196243666,-0.14912832605703752
26.8,0.013266984882707228,0.06103096305875104,0.026533969765414455,-0.15503031904387043
26.8,0.012476145327766301,0.06097648758337869,0.024952290655532602,-0.14635597964596325
26.9,0.013329214815596237,0.0609225019986128,0.026658429631192474,-0.1523977778633232
26.9,0.012182746610383882,0.06086822336312766,0.024365493220767764,-0.15190456315545608
27.0,0.013009954344928666,0.06081441487569979,0.026019908689857332,-0.1584239370826226
27.0,0.011878733976806834,0.06076032966992816,0.023757467953613668,-0.15821385422100898
27.1,0.01031343529845822,0.0607058682408785,0.02062687059691644,-0.15681189263602802
27.1,0.011364035669937348,0.060651904531927446,0.022728071339874697,-0.1632370783804027
27.2,0.012406659920788505,0.060598467335098355,0.02481331984157701,-0.17053236845001019
27.2,0.011425347099692512,0.06054482495852448,0.022850694199385024,-0.16616975531007583
27.3,0.012226525897048665,0.060491618631766386,0.02445305179409733,-0.17308001818544394
27.3,0.013247699214930839,0.06043895369086444,0.026495398429861677,-0.18153374453851212
27.4,0.011983932864346689,0.060385953481349106,0.023967865728693378,-0.1793166131631341
27.4,0.010751314954227643,0.06033267701596279,0.021502629908455285,-0.17957250631427346
27.5,0.0114903998314311,0.060279795365584976,0.0229807996628622,-0.18661415987299756
27.5,0.010480634018750155,0.060226725212225204,0.02096126803750031,-0.1843550627134518
27.6,0.011259368355022083,0.06017405563328486,0.022518736710044167,-0.19067846879175132
27.6,0.010357400942347049,0.06012123742714904,0.020714801884694097,-0.18771494018727797
27.7,0.01113267633212864,0.06006881403475153,0.02226535266425728,-0.19383905304480598
27.7,0.010042723109773458,0.0600161875568011,0.020085446219546915,-0.18949205099283128
27.8,0.011019392875920896,0.05996401294476845,0.022038785751841792,-0.19653322583992372
27.8,0.011992162488915709,0.05991231587666734,0.023984324977831418,-0.20453163556500575
27.9,0.010948338558408202,0.05986040124869245,0.021896677116816404,-0.1982055005697485
27.9,0.010079893295729662,0.059808354428952326,0.020159786591459325,-0.175461447249897
28.0,0.011041898096697072,0.05975675200304057,0.022083796193394144,-0.18404345489290908
28.0,0.01200025618648623,0.05970561882512265,0.02400051237297246,-0.19338528941842315
28.1,0.010884819185069644,0.05965424331571823,0.021769638370139288,-0.1896514644305003
28.1,0.01038098925020126,0.05960284661786906,0.02076197850040252,-0.21873574382062655
28.2,0.01108710942315286,0.05955181372243211,0.02217421884630572,-0.23102493128754098
28.2,0.010331437217957254,0.059500677210974906,0.020662874435914507,-0.22708082128839946
28.3,0.011099555650526421,0.05944992225065505,0.022199111301052843,-0.23178393178568335
28.3,0.012038939410128409,0.05939962586858309,0.024077878820256818,-0.23972815758492327
28.4,0.01113857020633486,0.05934915466374467,0.02227714041266972,-0.22442232072699397
28.4,0.01006254863473002,0.059298480071447925,0.02012509726946004,-0.21157828089926145
28.5,0.010828792265354341,0.059248177173973404,0.021657584530708682,-0.21615724053592933
28.5,0.011756989237521425,0.059198318048151705,0.02351397847504285,-0.22408661350493686
28.6,0.011025991041168474,0.059148345320629445,0.022051982082336948,-0.21908134102744814
28.6,0.010352209966314366,0.05909829230139889,0.020704419932628733,-0.24054365954983759
28.7,0.011099819093947926,0.05904860806420073,0.022199638187895852,-0.24325829107753405
28.7,0.010247676476299108,0.05899878690709567,0.020495352952598217,-0.21986145820091751
28.8,0.010957467833095218,0.0589493184891621,0.021914935666190436,-0.22525433181777066
28.8,0.009824887076213288,0.05889963391411364,0.019649774152426577,-0.21700501633145564
28.9,0.010736780438756723,0.058850355139911624,0.021473560877513446,-0.22456504739798122
28.9,0.010257605372836907,0.058801057759601046,0.020515210745673813,-0.2318726811600449
29.0,0.010969733007996483,0.05875211102538071,0.021939466015992965,-0.23653803872668983
29.0,0.011875653822706517,0.05870359558370024,0.023751307645413035,-0.2452690065829155
29.1,0.010748253797100532,0.05865483335649962,0.021496507594201065,-0.21856821428330786
29.1,0.011650798415974217,0.05860649388528396,0.023301596831948435,-0.22749617767612618
29.2,0.010657073743946971,0.058557956149687,0.021314147487893943,-0.2257410312351893
29.2,0.009458582288690747,0.05850919212143503,0.018917164577381494,-0.20708707402934
29.3,0.010124641156471808,0.05846074442860282,0.020249282312943616,-0.21119570593776693
29.3,0.011021705301050315,0.05841269844743209,0.02204341060210063,-0.21932315024710514
29.4,0.00996214117419682,0.058364452604856024,0.01992428234839364,-0.19282605564439947
29.4,0.009029460943154786,0.058316073028181974,0.018058921886309573,-0.17498487240726623
29.5,0.009703397947080803,0.05826800110129582,0.019406795894161607,-0.17993655113505147
29.5,0.009016147627558188,0.058219865414927935,0.018032295255116376,-0.18195042968351774
29.6,0.009728259726504337,0.05817204652017252,0.019456519453008674,-0.1871405578463654
29.6,0.00899986029072309,0.05812415187249095,0.01799972058144618,-0.17186092404486208
29.7,0.00971072681084095,0.0580765719661667,0.0194214536216819,-0.17779890768091455
29.7,0.008983716017903003,0.05802891636014917,0.017967432035806006,-0.16390491184100453
29.8,0.00969386805715797,0.05798157361443057,0.01938773611431594,-0.17114735972768935
29.8,0.00896867052514261,0.05793415532422041,0.01793734105028522,-0.15997288247798377
29.9,0.00967857645337929,0.0578870481822982,0.01935715290675858,-0.1684035925385934
29.9,0.010567433868509234,0.05784031986024699,0.02113486773701847,-0.1800059817177906
30.0,0.009665529604707837,0.05779344658324755,0.019331059209415673,-0.1686727376895276
30.0,0.008706346313392664,0.05774643755531897,0.01741269262678533,-0.1613714883302011
30.1,0.009384574246464723,0.05769972321372735,0.018769148492929447,-0.1712307624053202
30.1,0.008707639813422147,0.057652950004614484,0.017415279626844294,-0.16420079683391808
30.2,0.009423634727838054,0.057606480437122166,0.018847269455676108,-0.17458926844623113
30.2,0.00874946844447862,0.05755995124830657,0.01749893688895724,-0.16757486009045142
30.3,0.009466425096605979,0.057513725521635785,0.018932850193211958,-0.1782745730386459
30.3,0.00878730186027774,0.05746743741602622,0.01757460372055548,-0.1706393179386754
30.4,0.009504771159355104,0.05742145240164407,0.01900954231871021,-0.1814899699327905
30.4,0.008820394367536798,0.057375402270218756,0.017640788735073597,-0.17344871241124826
30.5,0.009714293426326744,0.05732970319827567,0.019428586852653487,-0.1868288355405121
30.5,0.010608976384772538,0.05728437718644523,0.021217952769545075,-0.20062992606276708
30.6,0.009556906157243493,0.05723886075956966,0.019113812314486986,-0.1873822268431451
30.6,0.010454017745723144,0.057193712811299924,0.02090803549144629,-0.2011700368208773
30.7,0.009292286049775179,0.05714834955157178,0.018584572099550358,-0.1906429866067425
30.7,0.008309858814253685,0.05710285174524507,0.01661971762850737,-0.1818636142083889
30.8,0.009003056542202518,0.05705763628298913,0.018006113084405036,-0.19221578280305396
30.8,0.009906305703653261,0.0570127744726688,0.019812611407306523,-0.20537451378907573
30.9,0.009061973079079586,0.05696779523568368,0.01812394615815917,-0.19006083031274867
30.9,0.008241269801029967,0.05692272444326371,0.016482539602059934,-0.17913620073882086
31.0,0.008952708835902967,0.056877936938343775,0.017905417671805934,-0.18865287176389023
31.0,0.008332750851041166,0.05683310673536813,0.016665501702082332,-0.17511657539221553
31.1,0.009081489022097853,0.05678857002829708,0.018162978044195706,-0.1847109955051661
31.1,0.008504443202589444,0.056743997980713785,0.017008886405178888,-0.17364783368004386
31.2,0.00925575143299347,0.056699722491363895,0.01851150286598694,-0.18327222664251935
31.2,0.008654955905993763,0.05665540230346525,0.017309911811987527,-0.1726162416510631
31.3,0.009407593906979794,0.056611380986097144,0.018815187813959588,-0.18223738555180696
31.3,0.008784179064825629,0.056567306115632376,0.017568358129651258,-0.17167326915429548
31.4,0.00953892567376542,0.056523532203912895,0.01907785134753084,-0.18127654196704457
31.4,0.010468716563668027,0.056480125535091484,0.020937433127336053,-0.1938461379096088
31.5,0.009654106995716345,0.05643659292039124,0.01930821399143269,-0.18041044818465224
31.5,0.009200366576321083,0.05639304463125886,0.018400733152642165,-0.17427780865821063
31.6,0.009929701111567747,0.05634979654417707,0.019859402223135494,-0.18691073445879788
31.6,0.009178390051805013,0.05630645064811062,0.018356780103610026,-0.19057668327842547
31.7,0.009939368863248166,0.05626341217595036,0.019878737726496332,-0.20294791513422794
31.7,0.009238335790989401,0.05622028817179321,0.018476671581978802,-0.20656916382669177
31.8,0.010006396289158859,0.05617747368148184,0.020012792578317718,-0.2179015218820477
31.8,0.009121397325172911,0.056134524410312206,0.018242794650345822,-0.2178218132008043
31.9,0.01007946188715408,0.05609193406374934,0.02015892377430816,-0.2289693418268013
31.9,0.009401970110246483,0.05604926055215927,0.018803940220492966,-0.2268924937739789
32.0,0.01018551291338964,0.0560069021202538,0.02037102582677928,-0.23567823119803633
32.0,0.009476869134111443,0.05596444973545865,0.018953738268222886,-0.23233590179201968
32.1,0.010261952305765177,0.055922313342421405,0.020523904611530353,-0.24004419256775883
32.1,0.009561038699943604,0.05588008304063055,0.019122077399887208,-0.2354484028417274
32.2,0.010352649732010147,0.055838171286952135,0.020705299464020294,-0.24190446869650684
32.2,0.009624193965239286,0.05579615597758829,0.01924838793047857,-0.234879355066123
32.3,0.010422157265690405,0.05575446129495401,0.02084431453138081,-0.2403322966578929
32.3,0.009690185613129322,0.055712660233625644,0.019380371226258644,-0.23196036589215474
32.4,0.010638532603822103,0.05567122415010914,0.021277065207644205,-0.23757205665601372
32.4,0.010048191244499736,0.05562971591050718,0.020096382488999472,-0.2288375214758025
32.5,0.01100639751642908,0.05558858371282355,0.02201279503285816,-0.2340070380527921
32.5,0.0103728123428744,0.055547360270746735,0.0207456246857488,-0.22505173226021746
32.6,0.011335382875064864,0.05550652149850407,0.022670765750129728,-0.22999462398110193
32.6,0.010653794415716903,0.05546557097410499,0.021307588831433806,-0.22115440251715413
32.7,0.01162181347802463,0.055425013004226704,0.02324362695604926,-0.22591467830695372
32.7,0.010687637233756065,0.05538426206162949,0.02137527446751213,-0.21568925095152292
32.8,0.011874702857706669,0.05534397434621216,0.023749405715413337,-0.2218442369126965
32.8,0.011150924411004891,0.055303550723641494,0.022301848822009782,-0.21281555079402903
32.9,0.01228830173193954,0.05526358710286954,0.02457660346387908,-0.21810143654648373
32.9,0.011465463745080194,0.05522344744023329,0.022930927490160388,-0.20637192092240486
33.0,0.012832407437838898,0.05518385631679333,0.025664814875677795,-0.21365788872536706
33.0,0.012159725136352814,0.055144126077332406,0.02431945027270563,-0.20638650156008742
33.1,0.013314838914757878,0.05510489067791549,0.026629677829515756,-0.21222517122364998
33.1,0.014707026033525859,0.05506628008430885,0.029414052067051718,-0.2208633392442545
33.2,0.013704347420016518,0.05502736898825128,0.027408694840033037,-0.21193720039142194
33.2,0.012711549614454183,0.0549881889132419,0.025423099228908366,-0.21061347527654734
33.3,0.013996788710113778,0.054949567676075166,0.027993577420227556,-0.21711591823602333
33.3,0.013241926413138073,0.05491075450439879,0.026483852826276147,-0.20987587522820134
33.4,0.014589431331223012,0.054872541779105936,0.029178862662446025,-0.2158683794032572
33.4,0.013841573110341504,0.05483412697870071,0.02768314622068301,-0.20921446979049602
33.5,0.012734803960046302,0.05479539944691249,0.025469607920092605,-0.2025251315883807
33.5,0.014094485220181746,0.05475725650459897,0.028188970440363493,-0.20687299662783287
33.6,0.015907742252278163,0.05471994033941574,0.031815484504556325,-0.2148074323953968
33.6,0.014931288254877566,0.05468230058976703,0.029862576509755132,-0.20648870509347317
33.7,0.016773437185907628,0.05464553959915005,0.033546874371815256,-0.21445606030076725
33.7,0.01613060527542888,0.054608575980050034,0.03226121055085776,-0.20038087063030963
33.8,0.017733225153270738,0.05457243235723621,0.035466450306541476,-0.2011670678984281
33.8,0.019791823933742417,0.0545374177881567,0.039583647867484834,-0.21212473067434168
33.9,0.01873653090454418,0.054501933963322216,0.03747306180908836,-0.20151659316901593
33.9,0.020831058813430656,0.05446765208965713,0.04166211762686131,-0.21252396937393758
34.0,0.01910953261491277,0.05443252073927315,0.03821906522982554,-0.20951896449322938
34.0,0.021240860054911423,0.054398630722558794,0.042481720109822846,-0.21966990971692724
34.1,0.01944837250493965,0.05436383548200262,0.0388967450098793,-0.2189080775677672
34.1,0.01800045803308736,0.05432838930854194,0.03600091606617472,-0.22009284763623382
34.2,0.01995164760444901,0.05429402075253212,0.03990329520889802,-0.22684559505456425
34.2,0.019015797707412126,0.05425924028627964,0.03803159541482425,-0.21879602968902123
34.3,0.02126360851950536,0.054225756002208345,0.04252721703901072,-0.2245870032189745
34.3,0.020517716804588988,0.05419193006083339,0.041035433609177975,-0.2160154127571814
34.4,0.02279757500306796,0.054159506554289825,0.04559515000613592,-0.2214074351998674
34.4,0.025482811219377986,0.05412889595558231,0.05096562243875597,-0.22998089333480864
34.5,0.02461381177379819,0.05409777370567435,0.04922762354759638,-0.20760336507490385
34.5,0.023151116342677854,0.05406578866076895,0.04630223268535571,-0.20258715091701474
34.6,0.02561101776989019,0.05403548116021267,0.05122203553978038,-0.2090561326279161
34.6,0.024379393745019472,0.054004421629628666,0.048758787490038945,-0.20149669246524837
34.7,0.0271512530101288,0.05397534041144352,0.0543025060202576,-0.20815660986825213
34.7,0.03042012113213383,0.05394883694422929,0.06084024226426766,-0.21755544010847405
34.8,0.02938432266616508,0.05392157138137693,0.05876864533233016,-0.21008548757440693
34.8,0.0269705546043324,0.053892559697350816,0.0539411092086648,-0.19503648831275378
34.9,0.03056205343955975,0.053866363462559165,0.0611241068791195,-0.20221820050378053
34.9,0.03419358695890668,0.05384335370549303,0.06838717391781336,-0.2107053362293172
35.0,0.026720108173747956,0.05381435780560721,0.05344021634749591,-0.17904314823154263
35.0,0.029971127202578118,0.053787873133933184,0.059942254405156235,-0.18281410580817736
35.1,0.0339502518523296,0.05376482055382103,0.0679005037046592,-0.18944644849398484
35.1,0.03238558833015649,0.05374045005795075,0.06477117666031298,-0.18169855583171968
35.2,0.03608554658821193,0.05371948731303766,0.07217109317642385,-0.18722674738025136
35.2,0.03520641436482131,0.0536977481058281,0.07041282872964262,-0.17601543413916332
35.3,0.0389614778237963,0.05367973625588901,0.0779229556475926,-0.18148953550496882
35.3,0.037282040829266845,0.05366008177927267,0.07456408165853369,-0.16735409840884152
35.4,0.041320038708289014,0.053644654219290454,0.08264007741657803,-0.17165922107540732
35.4,0.03948168873953468,0.05362731241553043,0.07896337747906935,-0.16368027960522014
35.5,0.04359108536599033,0.05361449806938306,0.08718217073198066,-0.16932290889275414
35.5,0.04874818733679891,0.05360796396404423,0.09749637467359781,-0.1775860159815732
35.6,0.0461771301935952,0.053598249848483576,0.0923542603871904,-0.17055485351626845
35.6,0.04355813537717553,0.05358548570746096,0.08711627075435106,-0.18205821894061103
35.7,0.04804400318639624,0.053578125328791956,0.09608800637279248,-0.18808082333084064
35.7,0.046853176632275235,0.05356930935584411,0.09370635326455047,-0.1653061746401976
35.8,0.051739199132633,0.05356679693823866,0.103478398265266,-0.17133334491347485
35.8,0.04834593032098389,0.05355986979330721,0.09669186064196778,-0.16515897599215099
35.9,0.05421081426985419,0.0535607819027153,0.10842162853970838,-0.1704407348920913
35.9,0.05177150909734353,0.053558334856237955,0.10354301819468706,-0.16400751946010317
36.0,0.057080727292352376,0.05356338770362733,0.11416145458470475,-0.16776471550689287
36.0,0.0634267895800252,0.05357832535354312,0.1268535791600504,-0.1737245981591098
36.1,0.059692173680009154,0.053587275679928964,0.11938434736001831,-0.16368772208956625
36.1,0.05598443608124789,0.053590665306337396,0.11196887216249578,-0.16494268689194902
36.2,0.06162551303865435,0.05360259378547048,0.1232510260773087,-0.1682460339720131
36.2,0.059875557473003244,0.05361175164800753,0.11975111494600649,-0.1522179324879751
36.3,0.06687616755464806,0.053632278478139075,0.13375233510929613,-0.15628309190592793
36.3,0.07424781345991965,0.053666074850103745,0.1484956269198393,-0.16136803925043663
36.4,0.06907412711133465,0.05369027262708536,0.1381482542226693,-0.14891030639519087
36.4,0.07660591470147053,0.05372840171540673,0.15321182940294106,-0.15343419874745434
36.5,0.07016164571922796,0.05375434936885594,0.14032329143845593,-0.15378789434581996
36.5,0.06447185778304981,0.05377046997961017,0.12894371556609963,-0.14393271305181352
36.6,0.07102031279936268,0.05379780833295767,0.14204062559872535,-0.1450942574561762
36.6,0.07918162767402465,0.053840591235809906,0.1583632553480493,-0.14799174211563937
36.7,0.07480499571992734,0.05387470298510552,0.14960999143985468,-0.12301031133729845
36.7,0.07004763326932648,0.05390000377720007,0.14009526653865295,-0.12713244769143103
36.8,0.07845058887049078,0.05394094174082679,0.15690117774098156,-0.12867969301522741
36.8,0.07264716561882156,0.053970716152014334,0.14529433123764313,-0.11666691287522246
36.9,0.08153674357303321,0.054017587161603965,0.16307348714606643,-0.11818510617143652
36.9,0.07675091448544039,0.05405480978090382,0.15350182897088077,-0.10710619667885757
37.0,0.08439216309631449,0.05410728501013618,0.16878432619262898,-0.107133901463103
37.0,0.08003817505672826,0.054150647625242805,0.16007635011345653,-0.0933052673058885
37.1,0.08771363961887751,0.05420986631419816,0.17542727923775503,-0.09304690034861185
37.1,0.08280120259350422,0.054258473256538105,0.16560240518700844,-0.08412496788848411
37.2,0.09056292385949818,0.05432355538008303,0.18112584771899637,-0.08495121919040827
37.2,0.09999882427580091,0.05441056913084896,0.19999764855160182,-0.08725142715575895
37.3,0.09424909568862938,0.05448347348522783,0.18849819137725876,-0.07376137486542111
37.3,0.08977594527783114,0.054545985255287345,0.17955189055566229,-0.08221284614871305
37.4,0.09788631940088433,0.05462688607845306,0.19577263880176865,-0.08618033626060972
37.4,0.09230393165715162,0.05469449481338098,0.18460786331430323,-0.08711280208364025
37.5,0.10066656016117417,0.05478148216006344,0.20133312032234835,-0.08887309134592992
37.5,0.1108938741559912,0.054894348859466785,0.2217877483119824,-0.09198638802026782
37.6,0.1031814275266313,0.054986724087426005,0.2063628550532626,-0.06918729154059022
37.6,0.09526546541132953,0.0550597581668455,0.19053093082265907,-0.0547215587566785
37.7,0.10358150163327258,0.05515238818332487,0.20716300326654516,-0.051833459444133645
37.7,0.09789006136176197,0.05523087064537477,0.19578012272352394,-0.043063210011360376
37.8,0.10702336483609634,0.05533140953538806,0.21404672967219268,-0.047939314902041286
37.8,0.10072425247682003,0.05541590586160189,0.20144850495364006,-0.04505055954770487
37.9,0.10985702998076873,0.0555229039744123,0.21971405996153745,-0.04739014668013608
37.9,0.12096996359399222,0.05565978345725308,0.24193992718798443,-0.050346082851338014
38.0,0.11231690795396151,0.05577216118591384,0.22463381590792303,-0.047088906431265176
38.0,0.12354162849558138,0.055915135928542054,0.24708325699116276,-0.04975958435713945
38.1,0.11196382899780462,0.05602544703417993,0.22392765799560924,-0.03063623106743752
38.1,0.10113283906384041,0.056108303063647384,0.20226567812768081,-0.0233970241444994
38.2,0.11003835522042156,0.05621271930227268,0.22007671044084312,-0.024919376996689113
38.2,0.12146095862554657,0.0563473506211366,0.24292191725109313,-0.02719701894638904
38.3,0.11243658703837224,0.05645691171579002,0.22487317407674448,-0.033725616856493
38.3,0.12394500898515387,0.05659731787591768,0.24789001797030774,-0.03587417157328332
38.4,0.11245255317474219,0.056705829318250425,0.22490510634948438,-0.03382993592473005
38.4,0.12443976611224616,0.056846340963126525,0.24887953222449233,-0.035698360502829374
38.5,0.11197836751051926,0.05695256215345664,0.22395673502103852,-0.021493290166822554
38.5,0.09916494136469343,0.0570275529487682,0.19832988272938687,-0.018309715196815013
38.6,0.11125702946248618,0.05713110378043691,0.22251405892497236,-0.019834600395992826
38.6,0.10433533470330286,0.057217332803788,0.20867066940660572,-0.01556487053064215
38.7,0.11509681779770384,0.05732982446373315,0.23019363559540768,-0.017046771266724377
38.7,0.10822846561114785,0.05742457595842038,0.2164569312222957,-0.01310303526065271
38.8,0.11896494705460803,0.05754624596714563,0.23792989410921606,-0.014397233798908893
38.8,0.11145523685507529,0.05764803471725034,0.22291047371015058,-0.009221564213825584
38.9,0.12217424288908169,0.05777724560313205,0.24434848577816337,-0.010526446062567363
38.9,0.11402451046912099,0.05788449671906528,0.22804902093824198,-0.004533218739472655
39.0,0.12472520245945742,0.058019508548190026,0.24945040491891485,-0.0056535041301537525
39.0,0.11597280353141474,0.05813066566997707,0.2319456070628295,0.001375923820970737
39.1,0.12665411715712513,0.05826977109608084,0.25330823431425026,0.0003917483842119651
39.1,0.13893547671224304,0.05844384117737512,0.2778709534244861,-0.0005410220283827982
39.2,0.12815553796571905,0.05858561778747729,0.2563110759314381,-0.0006441810376629497
39.2,0.11859551711330807,0.05870110180420858,0.23719103422661614,0.026785789220208134
39.3,0.12897190721972354,0.058843843300512046,0.2579438144394471,0.025591282166733897
39.3,0.11921192090869251,0.05895978241907165,0.23842384181738502,0.031051178994871975
39.4,0.12990945212621094,0.05910381785723541,0.2598189042524219,0.027426770419480828
39.4,0.12100991298885329,0.05922324942383757,0.24201982597770658,0.045371013682143684
39.5,0.13324953558185942,0.059375321244612575,0.26649907116371885,0.04227745229831159
39.5,0.12194037985725176,0.05949596749109119,0.24388075971450351,0.03241607261398283
39.6,0.1326376659227805,0.05964489759956652,0.265275331845561,0.029896132383373075
39.6,0.12341825023355905,0.05976818397413242,0.2468365004671181,0.028190012419839316
39.7,0.1338728838019998,0.05991918309037602,0.2677457676039996,0.023773959878226503
39.7,0.1460064423707575,0.06010496931051071,0.292012884741515,0.02111120269704436
39.8,0.1336297668679584,0.06025364880387711,0.2672595337359168,0.011778208171286497
39.8,0.1457034011793718,0.06043660913359949,0.2914068023587436,0.009718548066178556
39.9,0.1297496570803818,0.06057312117612268,0.2594993141607636,0.011864672793552522
39.9,0.11471766128939816,0.060671094071469665,0.2294353225787963,0.007821743337101951
40.0,0.1246438223675736,0.060793096086869385,0.2492876447351472,0.006368593862609906
40.0,0.11466613521256043,0.060890076640134995,0.22933227042512086,0.006585777386492353
40.1,0.12494039721109913,0.061011822276166305,0.24988079442219827,0.005744126248027559
40.1,0.11544430004505563,0.06110976830617292,0.23088860009011125,0.0046398681834340936
40.2,0.12560899834904238,0.061232204824444816,0.25121799669808476,0.00465367467692257
40.2,0.13728954803524535,0.06138517309154537,0.2745790960704907,0.005118118027403806
40.3,0.1258123935636829,0.061506934751292555,0.2516247871273658,0.005521679766656629
40.3,0.11306604288173623,0.0615975361818758,0.22613208576347246,0.014487902412985587
40.4,0.12253939531735816,0.06171016642810777,0.24507879063471633,0.01591396325820993
40.4,0.11255500886703591,0.061798843297401936,0.22511001773407183,0.01708311460883216
40.5,0.12221318141856605,0.061909786630623846,0.2444263628371321,0.017555650954867108
40.5,0.11107521029300785,0.06199442383408273,0.2221504205860157,0.01801947721807773
40.6,0.12204691086996174,0.06210410289350894,0.24409382173992347,0.020179055770452425
40.6,0.13290567723356703,0.062240681032202115,0.26581135446713405,0.02252622728876963
40.7,0.12138863385932379,0.06234777857595139,0.24277726771864758,0.024506383393788855
40.7,0.13201337143760747,0.06248087179024239,0.26402674287521494,0.027258642907295183
40.8,0.11675398668212171,0.06257619723064227,0.23350797336424342,0.039828275218496856
40.8,0.10202599553220107,0.06263967168487447,0.20405199106440214,0.04606870927964746
40.9,0.11096116312294128,0.06272147593663631,0.22192232624588257,0.04921476127057378
40.9,0.1008506092876908,0.06278215319343665,0.2017012185753816,0.05089720100552418
41.0,0.10983440023448425,0.06286098657869724,0.2196688004689685,0.0537543482965086
41.0,0.10034012232405075,0.06292021821979513,0.2006802446481015,0.0809815979400419
41.1,0.11006592161054529,0.06299901156717604,0.22013184322109058,0.08371844077512237
41.1,0.10085351828687392,0.06305879779484456,0.20170703657374783,0.08333303234250211
41.2,0.10928359617065277,0.0631354104496631,0.21856719234130553,0.08664770128133004
41.2,0.09967716505136864,0.06319249572453955,0.1993543301027373,0.08443119323984183
41.3,0.10783161619071234,0.06326558376926919,0.21566323238142468,0.08612685207045967
41.3,0.09788161677004471,0.06331886989932516,0.19576323354008943,0.07618505883131865
41.4,0.10575514200447401,0.06338725887902152,0.21151028400894803,0.07786413609921095
41.4,0.09582997901286104,0.06343638953609446,0.19165995802572208,0.06862129763819613
41.5,0.10342256064709615,0.06349971757792021,0.2068451212941923,0.07066004266280991
41.5,0.09382310360071212,0.06354490443246395,0.18764620720142425,0.06143629277021834
41.6,0.1011322302138937,0.06360341587109335,0.2022644604277874,0.0639746709635487
41.6,0.09136189179347336,0.06364399812220933,0.18272378358694671,0.05828558391891603
41.7,0.09838314252958864,0.06369699772239436,0.1967662850591773,0.061447861248904
41.7,0.08912343145701786,0.06373351572015541,0.17824686291403571,0.06099500515906309
41.8,0.09585874580951632,0.06378160963125902,0.19171749161903265,0.06478835643163139
41.8,0.08617059462642189,0.0638130457787767,0.17234118925284378,0.06718412121802732
41.9,0.09261636894350543,0.06385516053024334,0.18523273788701086,0.07145082611663023
41.9,0.09979742846380667,0.06391003291561338,0.19959485692761333,0.07613727038370889
42.0,0.08950263074775343,0.06394659012758704,0.17900526149550686,0.07774266326866197
42.0,0.07795167191356284,0.06396506394363441,0.15590334382712567,0.07893684325189598
42.1,0.08366917138497278,0.06399206416160927,0.16733834276994555,0.08361562339137409
42.1,0.0748102445457469,0.06400598034037874,0.1496204890914938,0.08217495732841719
42.2,0.08044605630352779,0.06402795691194658,0.16089211260705558,0.08721793376451847
42.2,0.07245448963886383,0.06403858446596004,0.14490897927772767,0.10152764999385999
42.3,0.0778103384963047,0.06405661099432482,0.1556206769926094,0.10678962364947342
42.3,0.06993434083508629,0.06406386842886655,0.13986868167017258,0.11917236064747883
42.4,0.07501651490212323,0.06407788682822367,0.15003302980424646,0.1242664370460975
42.4,0.0673243296975087,0.06408180741709463,0.1346486593950174,0.12395201294925862
42.5,0.07214139882701222,0.0640918847661721,0.14428279765402444,0.1286898864058883
42.5,0.0775156968968507,0.06410930848058316,0.1550313937937014,0.13408276265242325
42.6,0.06921731896356738,0.06411554233816537,0.13843463792713476,0.13152874534487724
42.6,0.06052926573699636,0.0641114554808969,0.12105853147399272,0.12336871623781498
42.7,0.06471487777049466,0.06411216538565469,0.12942975554098932,0.12699042602235266
42.7,0.06954398476645296,0.06411878717384067,0.13908796953290592,0.13185045919949756
42.8,0.06190610585992963,0.0641162468168589,0.12381221171985926,0.11562649004259606
42.8,0.054020212976545086,0.06410539274726253,0.10804042595309017,0.10001133968400211
42.9,0.05777199468311965,0.06409837541818766,0.1155439893662393,0.10400385408282811
42.9,0.051419198294836946,0.0640850735080086,0.10283839658967389,0.10106550105509671
43.0,0.05508509108952687,0.06407534252217172,0.11017018217905374,0.10579618986377914
43.0,0.049333712093015084,0.06406018875800885,0.09866742418603017,0.10567894062379682
43.1,0.052797035375228236,0.06404827001400416,0.10559407075045647,0.11084124468408785
43.1,0.04674127527033757,0.06403092274695338,0.09348255054067514,0.11094509690860788
43.2,0.05050346372749662,0.06401691829500307,0.10100692745499323,0.11662066911770985
43.2,0.04520894962554978,0.06399836634935244,0.09041789925109955,0.11679460086800428
43.3,0.048298338310027014,0.06398245875007287,0.09659667662005403,0.1224428754024256
43.3,0.043454838299877264,0.06396257715864091,0.08690967659975453,0.1182917898077549
43.4,0.04635910127154491,0.06394508501625314,0.09271820254308982,0.12399792934204121
43.4,0.04170945818505547,0.0639239427073349,0.08341891637011094,0.13425184302858728
43.5,0.04445924120131831,0.0639049729709632,0.08891848240263663,0.14014939856325048
43.5,0.03958985433962722,0.06388236356958964,0.07917970867925445,0.1401731645190005
43.6,0.0421883089755522,0.06386170601929438,0.0843766179511044,0.14584186909647512
43.6,0.03754697973171016,0.06383776896769647,0.07509395946342032,0.1446417487722793
43.7,0.040008903633728596,0.06381558944117041,0.08001780726745719,0.15014895043973242
43.7,0.0356057318553901,0.0637904705148594,0.0712114637107802,0.14837158653820692
43.8,0.03794096638371217,0.06376693641418371,0.07588193276742435,0.15370644513758466
43.8,0.03376766125681205,0.06374077064964769,0.0675353225136241,0.1514266956034631
43.9,0.03598528502292189,0.0637160363326532,0.07197057004584378,0.15658097501130097
43.9,0.038494629523671706,0.06369301786772093,0.07698925904734341,0.16252770923308943
44.0,0.034140601039470295,0.06366722114208305,0.06828120207894059,0.1588122018992535
44.0,0.029654621022806606,0.06363892039681103,0.05930924204561321,0.15290605298880466
44.1,0.03155891316978078,0.06361171011782552,0.06311782633956156,0.1589116110522082
44.1,0.0338313188274912,0.06358587314600599,0.0676626376549824,0.16442383487951195
44.2,0.03009688555027446,0.06355795965690775,0.06019377110054892,0.15187454901587571
44.2,0.02610840865779322,0.06352810342479344,0.05221681731558644,0.14715844520032384
44.3,0.027886002126912758,0.06349915360449301,0.055772004253825516,0.151540399672899
44.3,0.0246810525407159,0.06346875960901276,0.0493621050814318,0.14745035239713822
44.4,0.026440827139228084,0.06343921803881182,0.05288165427845617,0.151752707552665
44.4,0.02369122407500845,0.06340850656270743,0.0473824481500169,0.1479042252305578
44.5,0.025377347635403422,0.06337858265551015,0.050754695270806845,0.15224057064075813
44.5,0.022506777677345467,0.06334749419151389,0.04501355535469093,0.1480729251159163
44.6,0.02435922052932894,0.06331722879853129,0.04871844105865788,0.15282295042356342
44.6,0.021866749763041357,0.0632859974136537,0.043733499526082714,0.1488067806824338
44.7,0.023417598909627656,0.06325544147601536,0.04683519781925531,0.15325189278479234
44.7,0.025158584306377435,0.06322568636666298,0.05031716861275487,0.15873278762630386
44.8,0.0224780375591555,0.06319485614920442,0.044956075118311,0.15407892349243513
44.8,0.0200066956988624,0.06316315310876017,0.0400133913977248,0.1550116058957034
44.9,0.021384355322997838,0.0631320077236377,0.042768710645995675,0.1603984762147164
44.9,0.01887162928656559,0.063100024740367,0.03774325857313118,0.14709242821384638
45.0,0.02025242838274004,0.06306857253766285,0.04050485676548008,0.15085178390668474
45.0,0.01819046147292339,0.0630364766820741,0.03638092294584678,0.1346880592823632
45.1,0.019526763512212608,0.06300487913678128,0.039053527024425216,0.13865903963059312
45.1,0.017553524945017156,0.06297269241851441,0.03510704989003431,0.12410262584891996
45.2,0.018844801924818615,0.06294097352397768,0.03768960384963723,0.12853377104624597
45.2,0.017110572243094205,0.06290876116733995,0.03422114448618841,0.1253041504479149
45.3,0.018360028741489596,0.06287699246389365,0.03672005748297919,0.1308643847968156
45.3,0.016467943316813283,0.06284469976238101,0.032935886633626565,0.1306677559789451
45.4,0.017677571159142366,0.06281282373788258,0.03535514231828473,0.13658257102972193
45.4,0.01606023848120229,0.0627805236417804,0.03212047696240458,0.13944331171338176
45.5,0.017245282627996187,0.06274862356508047,0.034490565255992374,0.14635765759837097
45.5,0.018565985502593994,0.06271719124536548,0.03713197100518799,0.15307718165700335
45.6,0.016894945564318444,0.06268529389059795,0.03378989112863689,0.15680159205469746
45.6,0.015059935643846485,0.06265293767911952,0.03011987128769297,0.16225212533391262
45.7,0.016140723884852076,0.06262093018966527,0.03228144776970415,0.16807208847067567
45.7,0.01442534359108379,0.06258851857160565,0.02885068718216758,0.1656259886433884
45.8,0.015508420310567745,0.06255644387729274,0.03101684062113549,0.17095217366919213
45.8,0.013972059087480561,0.06252402775368014,0.027944118174961122,0.16717900997856727
45.9,0.015031231877107396,0.062491933236382795,0.030062463754214792,0.17239392992344493
45.9,0.016220846316241735,0.06246021597303441,0.03244169263248347,0.17873705089317582
46.0,0.01459311229825381,0.06242811495069493,0.02918622459650762,0.17344859781711544
46.0,0.012659279395756463,0.06239560863494583,0.025318558791512926,0.1753432679386253
46.1,0.01380972245107533,0.062363420740059926,0.02761944490215066,0.18031558941055925
46.1,0.012494521374833525,0.06233098535970703,0.02498904274966705,0.1680981532588115
46.2,0.013494190071538225,0.0622988290160156,0.02698838014307645,0.17171885247655228
46.2,0.012235472141496067,0.06226644449843557,0.024470944282992135,0.15252683841951067
46.3,0.013215009053565778,0.06223432942361478,0.026430018107131557,0.15637215801019178
46.3,0.011980932436276502,0.062201997486087644,0.023961864872553005,0.13938442575767152
46.4,0.012943091006088451,0.06216992629876333,0.025886182012176902,0.14383914975609713
46.4,0.01401864670746291,0.062138158832190205,0.02803729341492582,0.15027964444537556
46.5,0.012684363351482214,0.06210613505382489,0.025368726702964427,0.13483253591953037
46.5,0.011492578556587193,0.06207391430942654,0.022985157113174386,0.13095117288913505
46.6,0.01240216183409401,0.06204193396639964,0.02480432366818802,0.13743216388561708
46.6,0.01344448585825459,0.06201023856365691,0.02688897171650918,0.14497950523466985
46.7,0.012293539440811779,0.061978339008356545,0.024587078881623557,0.13249808430274124
46.7,0.010832086113704845,0.06194619955638105,0.02166417222740969,0.12350515040210652
46.8,0.011718932566641443,0.06191428469978523,0.023437865133282887,0.13079840333621773
46.8,0.01058380284746366,0.061882203250719484,0.02116760569492732,0.12341056935701067
46.9,0.011484647586898855,0.061850344953785,0.02296929517379771,0.1313854068840978
46.9,0.012488582006467594,0.06181874545520798,0.024977164012935187,0.1406816651566989
47.0,0.01136558211329246,0.061786966464942784,0.02273116422658492,0.1326325746061312
47.0,0.012359540196636614,0.06175544161662206,0.024719080393273227,0.1424929433551658
47.1,0.011019698677434919,0.0617236982798178,0.022039397354869837,0.13627304348823888
47.1,0.009675936130744266,0.06169176696718788,0.01935187226148853,0.13103928615843197
47.2,0.010533724716553908,0.06166003573563941,0.021067449433107815,0.14041983717858564
47.2,0.009744010120636781,0.06162821789158879,0.019488020241273562,0.1455781817450212
47.3,0.010620479892718585,0.06159660408786907,0.02124095978543717,0.15437963153339496
47.3,0.009744912736776652,0.06156488794645858,0.019489825473553303,0.14571325521974643
47.4,0.010613632249548414,0.06153337401347349,0.02122726449909683,0.1545807799818899
47.4,0.011576282260473218,0.061502093393346224,0.023152564520946436,0.16502735816470215
47.5,0.01068761987759958,0.06147069335872751,0.02137523975519916,0.15587311377487856
47.5,0.00947144352479987,0.06143913356033433,0.01894288704959974,0.14466213038698195
47.6,0.01030793270393532,0.06140776540400644,0.02061586540787064,0.1542053531148211
47.6,0.011256842736178352,0.061376622018988074,0.022513685472356704,0.16532258190838967
47.7,0.010330233717333848,0.06134535726803159,0.020660467434667696,0.15573500328877632
47.7,0.00919420929033059,0.06131395270385728,0.01838841858066118,0.14922662902649408
47.8,0.010021222457277537,0.06128273342080814,0.020042444914555074,0.15928577618838258
47.8,0.009149308379525116,0.061251420942607764,0.018298616759050233,0.14893840616162857
47.9,0.009990923692569932,0.06122029520111993,0.019981847385139865,0.1593793931228951
47.9,0.009093760010720103,0.06118907269626213,0.018187520021440206,0.15065014747947636
48.0,0.010021927122275025,0.0611580504473274,0.02004385424455005,0.16242345258664415
48.0,0.009221232964931545,0.06112694591958017,0.01844246592986309,0.15491977733515183
48.1,0.010053074505277248,0.06109602666800008,0.020106149010554495,0.16597286363148678
48.1,0.009228899699081585,0.0610650209035872,0.01845779939816317,0.15820876303168818
48.2,0.01005461018994456,0.06103419907561773,0.02010922037988912,0.16950030737691657
48.2,0.010970122498062904,0.06100358908956233,0.021940244996125808,0.18222377969656645
48.3,0.010041730344692914,0.060972861562291855,0.020083460689385827,0.17336853685290388
48.3,0.01095289972298801,0.06094234444742203,0.02190579944597602,0.18626838000871615
48.4,0.009859213955796989,0.06091168212267502,0.019718427911593978,0.17969412268731233
48.4,0.008689892328444995,0.06088088385716966,0.01737978465688999,0.1718533634664201
48.5,0.009486195769709228,0.060850256160412855,0.018972391539418456,0.18298548438691897
48.5,0.008671676875673495,0.06081955095270462,0.01734335375134699,0.1711681129818312
48.6,0.00948707074552631,0.060789018757311276,0.01897414149105262,0.18229314526945206
48.6,0.00874433906832691,0.06075841949955073,0.01748867813665382,0.17160135711312163
48.7,0.009556930129048333,0.06072799341493121,0.019113860258096665,0.18285165363567524
48.7,0.008800458021984271,0.06069749721090414,0.017600916043968542,0.17216976227861633
48.8,0.009609673116200547,0.06066717401836358,0.019219346232401093,0.1836115510512187
48.8,0.008840108605151345,0.06063677794982776,0.01768021721030269,0.17309677359014838
48.9,0.009646492591774636,0.060606554593932646,0.01929298518354927,0.18473406633109574
48.9,0.008866910729881198,0.060576256264499015,0.017733821459762395,0.17436735818545554
49.0,0.009671014360712195,0.06054613026493707,0.01934202872142439,0.1861834284297855
49.0,0.010562383417881857,0.0605162026323595,0.021124766835763715,0.19966703245507741
49.1,0.009686626782753581,0.060486171914000554,0.019373253565507162,0.18791841747018223
49.1,0.00936996822190781,0.06045613665334347,0.01873993644381562,0.18835891384440684
49.2,0.010154316799960159,0.06042627633186544,0.020308633599920318,0.2007965260221818
49.2,0.009806540964956955,0.06039640357766379,0.01961308192991391,0.2045954378119501
49.3,0.010601631184901867,0.06036671298602736,0.021203262369803733,0.21842324418485687
49.3,0.011489826561124569,0.06033723273267818,0.022979653122249137,0.2330371201860313
49.4,0.010436431107865508,0.060307603969904526,0.020872862215731015,0.236362907494728
49.4,0.009293179256840218,0.060277831424044234,0.018586358513680436,0.25116114134115897
49.5,0.010067559864132155,0.06024823003707306,0.02013511972826431,0.2635052173896639
49.5,0.009242682395096156,0.06021854042611288,0.01848536479019231,0.254159989735641
49.6,0.010039574327805247,0.06018902474875517,0.020079148655610495,0.26550599731473756
49.6,0.009179572642414074,0.06015941574080013,0.018359145284828148,0.26207988286748
49.7,0.009977847699841355,0.06012997970529665,0.01995569539968271,0.2725945651103116
49.7,0.010868557649143457,0.06010074371523388,0.021737115298286914,0.28454908784199245
49.8,0.009930175991252326,0.06007138914423983,0.019860351982504652,0.27702261425318353
49.8,0.008813753717943925,0.06004190436384686,0.01762750743588785,0.2740916271930547
49.9,0.009599012081266784,0.06001258493459869,0.019198024162533567,0.2825337682102908
49.9,0.00876330421554136,0.0599831818715844,0.01752660843108272,0.27319147798028803
50.0,0.009571088720241698,0.05995394675141431,0.019142177440483396,0.2803703121815255
50.0,0.008721027032965418,0.059924626211244524,0.017442054065930836,0.2685288297794481
50.1,0.009619101747263248,0.0598954871067166,0.019238203494526495,0.27593276601353
50.1,0.008867116446556427,0.05986627620935603,0.017734232893112854,0.26409661336068524
50.2,0.009680998326782141,0.05983723492318164,0.019361996653564282,0.2701336794781559
50.2,0.008909964688191876,0.05980811813193393,0.017819929376383752,0.25833973662289766
50.3,0.009725565456845945,0.05977917145661189,0.01945113091369189,0.26414987990679784
50.3,0.01063108582533226,0.059750421471342276,0.02126217165066452,0.2723366980110873
50.4,0.00976498300348013,0.059721568009173415,0.01952996600696026,0.2583569157909351
50.4,0.008743845783498952,0.05969260093462291,0.017487691566997903,0.25243667543223003
50.5,0.009549318058787571,0.05966379945675961,0.019098636117575143,0.25756323416017507
50.5,0.00872703777538656,0.059634916454996294,0.01745407555077312,0.24552140811132794
50.6,0.009555463415286488,0.05960620212163848,0.019110926830572975,0.25026966881021995
50.6,0.00882050165959209,0.05957741879104936,0.01764100331918418,0.23842007555829214
50.7,0.009653629076029596,0.059548805809347675,0.019307258152059192,0.24321149018401478
50.7,0.00890879673392681,0.05952012106532259,0.01781759346785362,0.2317217248724135
50.8,0.009745864314419336,0.059491608169512745,0.019491728628838672,0.236675520449376
50.8,0.008988865082395065,0.059463020455928786,0.01797773016479013,0.22599842047176422
50.9,0.00983026077577009,0.059434606049556304,0.01966052155154018,0.2311424278451737
50.9,0.009062964749358006,0.05940611412320804,0.018125929498716012,0.2212143070903121
51.0,0.009909052155798096,0.05937779694996102,0.019818104311596193,0.22650944523959682
51.0,0.009133024337582988,0.05934939984264081,0.018266048675165975,0.2170979780519664
51.1,0.009984241766204488,0.05932117896037748,0.019968483532408977,0.2225745786074138
51.1,0.009200610186617877,0.059292875932546195,0.018401220373235754,0.21376624037551784
51.2,0.010057351196110828,0.05926475064278484,0.020114702392221656,0.21940371054401453
51.2,0.009266999929147007,0.05923654114578501,0.018533999858294015,0.2110311260498463
51.3,0.010129543046903517,0.059208510940316005,0.020259086093807034,0.21675810338727164
51.3,0.009333261991679371,0.059180394589008464,0.018666523983358742,0.20884383613460855
51.4,0.010201889007190258,0.05915245913931108,0.020403778014380515,0.2145993044690382
51.4,0.011166321090924749,0.059124734191156256,0.022332642181849497,0.2222810675708184
